"hvar","hcvar","parvar","parcvar"
0.0141825115375081,0.0203151810374058,0.0149523768954265,0.0187508838595182
